awsevse0500,AWSE-TAG-0500
awsevse0501,AWSE-TAG-0501
awsevse0502,AWSE-TAG-0502
awsevse0503,AWSE-TAG-0503
awsevse0504,AWSE-TAG-0504
awsevse0505,AWSE-TAG-0505
awsevse0506,AWSE-TAG-0506
awsevse0507,AWSE-TAG-0507
awsevse0508,AWSE-TAG-0508
awsevse0509,AWSE-TAG-0509
awsevse0510,AWSE-TAG-0510
awsevse0511,AWSE-TAG-0511
awsevse0512,AWSE-TAG-0512
awsevse0513,AWSE-TAG-0513
awsevse0514,AWSE-TAG-0514
awsevse0515,AWSE-TAG-0515
awsevse0516,AWSE-TAG-0516
awsevse0517,AWSE-TAG-0517
awsevse0518,AWSE-TAG-0518
awsevse0519,AWSE-TAG-0519
awsevse0520,AWSE-TAG-0520
awsevse0521,AWSE-TAG-0521
awsevse0522,AWSE-TAG-0522
awsevse0523,AWSE-TAG-0523
awsevse0524,AWSE-TAG-0524
awsevse0525,AWSE-TAG-0525
awsevse0526,AWSE-TAG-0526
awsevse0527,AWSE-TAG-0527
awsevse0528,AWSE-TAG-0528
awsevse0529,AWSE-TAG-0529
awsevse0530,AWSE-TAG-0530
awsevse0531,AWSE-TAG-0531
awsevse0532,AWSE-TAG-0532
awsevse0533,AWSE-TAG-0533
awsevse0534,AWSE-TAG-0534
awsevse0535,AWSE-TAG-0535
awsevse0536,AWSE-TAG-0536
awsevse0537,AWSE-TAG-0537
awsevse0538,AWSE-TAG-0538
awsevse0539,AWSE-TAG-0539
awsevse0540,AWSE-TAG-0540
awsevse0541,AWSE-TAG-0541
awsevse0542,AWSE-TAG-0542
awsevse0543,AWSE-TAG-0543
awsevse0544,AWSE-TAG-0544
awsevse0545,AWSE-TAG-0545
awsevse0546,AWSE-TAG-0546
awsevse0547,AWSE-TAG-0547
awsevse0548,AWSE-TAG-0548
awsevse0549,AWSE-TAG-0549
awsevse0550,AWSE-TAG-0550
awsevse0551,AWSE-TAG-0551
awsevse0552,AWSE-TAG-0552
awsevse0553,AWSE-TAG-0553
awsevse0554,AWSE-TAG-0554
awsevse0555,AWSE-TAG-0555
awsevse0556,AWSE-TAG-0556
awsevse0557,AWSE-TAG-0557
awsevse0558,AWSE-TAG-0558
awsevse0559,AWSE-TAG-0559
awsevse0560,AWSE-TAG-0560
awsevse0561,AWSE-TAG-0561
awsevse0562,AWSE-TAG-0562
awsevse0563,AWSE-TAG-0563
awsevse0564,AWSE-TAG-0564
awsevse0565,AWSE-TAG-0565
awsevse0566,AWSE-TAG-0566
awsevse0567,AWSE-TAG-0567
awsevse0568,AWSE-TAG-0568
awsevse0569,AWSE-TAG-0569
awsevse0570,AWSE-TAG-0570
awsevse0571,AWSE-TAG-0571
awsevse0572,AWSE-TAG-0572
awsevse0573,AWSE-TAG-0573
awsevse0574,AWSE-TAG-0574
awsevse0575,AWSE-TAG-0575
awsevse0576,AWSE-TAG-0576
awsevse0577,AWSE-TAG-0577
awsevse0578,AWSE-TAG-0578
awsevse0579,AWSE-TAG-0579
awsevse0580,AWSE-TAG-0580
awsevse0581,AWSE-TAG-0581
awsevse0582,AWSE-TAG-0582
awsevse0583,AWSE-TAG-0583
awsevse0584,AWSE-TAG-0584
awsevse0585,AWSE-TAG-0585
awsevse0586,AWSE-TAG-0586
awsevse0587,AWSE-TAG-0587
awsevse0588,AWSE-TAG-0588
awsevse0589,AWSE-TAG-0589
awsevse0590,AWSE-TAG-0590
awsevse0591,AWSE-TAG-0591
awsevse0592,AWSE-TAG-0592
awsevse0593,AWSE-TAG-0593
awsevse0594,AWSE-TAG-0594
awsevse0595,AWSE-TAG-0595
awsevse0596,AWSE-TAG-0596
awsevse0597,AWSE-TAG-0597
awsevse0598,AWSE-TAG-0598
awsevse0599,AWSE-TAG-0599
awsevse0600,AWSE-TAG-0600
awsevse0601,AWSE-TAG-0601
awsevse0602,AWSE-TAG-0602
awsevse0603,AWSE-TAG-0603
awsevse0604,AWSE-TAG-0604
awsevse0605,AWSE-TAG-0605
awsevse0606,AWSE-TAG-0606
awsevse0607,AWSE-TAG-0607
awsevse0608,AWSE-TAG-0608
awsevse0609,AWSE-TAG-0609
awsevse0610,AWSE-TAG-0610
awsevse0611,AWSE-TAG-0611
awsevse0612,AWSE-TAG-0612
awsevse0613,AWSE-TAG-0613
awsevse0614,AWSE-TAG-0614
awsevse0615,AWSE-TAG-0615
awsevse0616,AWSE-TAG-0616
awsevse0617,AWSE-TAG-0617
awsevse0618,AWSE-TAG-0618
awsevse0619,AWSE-TAG-0619
awsevse0620,AWSE-TAG-0620
awsevse0621,AWSE-TAG-0621
awsevse0622,AWSE-TAG-0622
awsevse0623,AWSE-TAG-0623
awsevse0624,AWSE-TAG-0624
awsevse0625,AWSE-TAG-0625
awsevse0626,AWSE-TAG-0626
awsevse0627,AWSE-TAG-0627
awsevse0628,AWSE-TAG-0628
awsevse0629,AWSE-TAG-0629
awsevse0630,AWSE-TAG-0630
awsevse0631,AWSE-TAG-0631
awsevse0632,AWSE-TAG-0632
awsevse0633,AWSE-TAG-0633
awsevse0634,AWSE-TAG-0634
awsevse0635,AWSE-TAG-0635
awsevse0636,AWSE-TAG-0636
awsevse0637,AWSE-TAG-0637
awsevse0638,AWSE-TAG-0638
awsevse0639,AWSE-TAG-0639
awsevse0640,AWSE-TAG-0640
awsevse0641,AWSE-TAG-0641
awsevse0642,AWSE-TAG-0642
awsevse0643,AWSE-TAG-0643
awsevse0644,AWSE-TAG-0644
awsevse0645,AWSE-TAG-0645
awsevse0646,AWSE-TAG-0646
awsevse0647,AWSE-TAG-0647
awsevse0648,AWSE-TAG-0648
awsevse0649,AWSE-TAG-0649
awsevse0650,AWSE-TAG-0650
awsevse0651,AWSE-TAG-0651
awsevse0652,AWSE-TAG-0652
awsevse0653,AWSE-TAG-0653
awsevse0654,AWSE-TAG-0654
awsevse0655,AWSE-TAG-0655
awsevse0656,AWSE-TAG-0656
awsevse0657,AWSE-TAG-0657
awsevse0658,AWSE-TAG-0658
awsevse0659,AWSE-TAG-0659
awsevse0660,AWSE-TAG-0660
awsevse0661,AWSE-TAG-0661
awsevse0662,AWSE-TAG-0662
awsevse0663,AWSE-TAG-0663
awsevse0664,AWSE-TAG-0664
awsevse0665,AWSE-TAG-0665
awsevse0666,AWSE-TAG-0666
awsevse0667,AWSE-TAG-0667
awsevse0668,AWSE-TAG-0668
awsevse0669,AWSE-TAG-0669
awsevse0670,AWSE-TAG-0670
awsevse0671,AWSE-TAG-0671
awsevse0672,AWSE-TAG-0672
awsevse0673,AWSE-TAG-0673
awsevse0674,AWSE-TAG-0674
awsevse0675,AWSE-TAG-0675
awsevse0676,AWSE-TAG-0676
awsevse0677,AWSE-TAG-0677
awsevse0678,AWSE-TAG-0678
awsevse0679,AWSE-TAG-0679
awsevse0680,AWSE-TAG-0680
awsevse0681,AWSE-TAG-0681
awsevse0682,AWSE-TAG-0682
awsevse0683,AWSE-TAG-0683
awsevse0684,AWSE-TAG-0684
awsevse0685,AWSE-TAG-0685
awsevse0686,AWSE-TAG-0686
awsevse0687,AWSE-TAG-0687
awsevse0688,AWSE-TAG-0688
awsevse0689,AWSE-TAG-0689
awsevse0690,AWSE-TAG-0690
awsevse0691,AWSE-TAG-0691
awsevse0692,AWSE-TAG-0692
awsevse0693,AWSE-TAG-0693
awsevse0694,AWSE-TAG-0694
awsevse0695,AWSE-TAG-0695
awsevse0696,AWSE-TAG-0696
awsevse0697,AWSE-TAG-0697
awsevse0698,AWSE-TAG-0698
awsevse0699,AWSE-TAG-0699
awsevse0700,AWSE-TAG-0700
awsevse0701,AWSE-TAG-0701
awsevse0702,AWSE-TAG-0702
awsevse0703,AWSE-TAG-0703
awsevse0704,AWSE-TAG-0704
awsevse0705,AWSE-TAG-0705
awsevse0706,AWSE-TAG-0706
awsevse0707,AWSE-TAG-0707
awsevse0708,AWSE-TAG-0708
awsevse0709,AWSE-TAG-0709
awsevse0710,AWSE-TAG-0710
awsevse0711,AWSE-TAG-0711
awsevse0712,AWSE-TAG-0712
awsevse0713,AWSE-TAG-0713
awsevse0714,AWSE-TAG-0714
awsevse0715,AWSE-TAG-0715
awsevse0716,AWSE-TAG-0716
awsevse0717,AWSE-TAG-0717
awsevse0718,AWSE-TAG-0718
awsevse0719,AWSE-TAG-0719
awsevse0720,AWSE-TAG-0720
awsevse0721,AWSE-TAG-0721
awsevse0722,AWSE-TAG-0722
awsevse0723,AWSE-TAG-0723
awsevse0724,AWSE-TAG-0724
awsevse0725,AWSE-TAG-0725
awsevse0726,AWSE-TAG-0726
awsevse0727,AWSE-TAG-0727
awsevse0728,AWSE-TAG-0728
awsevse0729,AWSE-TAG-0729
awsevse0730,AWSE-TAG-0730
awsevse0731,AWSE-TAG-0731
awsevse0732,AWSE-TAG-0732
awsevse0733,AWSE-TAG-0733
awsevse0734,AWSE-TAG-0734
awsevse0735,AWSE-TAG-0735
awsevse0736,AWSE-TAG-0736
awsevse0737,AWSE-TAG-0737
awsevse0738,AWSE-TAG-0738
awsevse0739,AWSE-TAG-0739
awsevse0740,AWSE-TAG-0740
awsevse0741,AWSE-TAG-0741
awsevse0742,AWSE-TAG-0742
awsevse0743,AWSE-TAG-0743
awsevse0744,AWSE-TAG-0744
awsevse0745,AWSE-TAG-0745
awsevse0746,AWSE-TAG-0746
awsevse0747,AWSE-TAG-0747
awsevse0748,AWSE-TAG-0748
awsevse0749,AWSE-TAG-0749
awsevse0750,AWSE-TAG-0750
awsevse0751,AWSE-TAG-0751
awsevse0752,AWSE-TAG-0752
awsevse0753,AWSE-TAG-0753
awsevse0754,AWSE-TAG-0754
awsevse0755,AWSE-TAG-0755
awsevse0756,AWSE-TAG-0756
awsevse0757,AWSE-TAG-0757
awsevse0758,AWSE-TAG-0758
awsevse0759,AWSE-TAG-0759
awsevse0760,AWSE-TAG-0760
awsevse0761,AWSE-TAG-0761
awsevse0762,AWSE-TAG-0762
awsevse0763,AWSE-TAG-0763
awsevse0764,AWSE-TAG-0764
awsevse0765,AWSE-TAG-0765
awsevse0766,AWSE-TAG-0766
awsevse0767,AWSE-TAG-0767
awsevse0768,AWSE-TAG-0768
awsevse0769,AWSE-TAG-0769
awsevse0770,AWSE-TAG-0770
awsevse0771,AWSE-TAG-0771
awsevse0772,AWSE-TAG-0772
awsevse0773,AWSE-TAG-0773
awsevse0774,AWSE-TAG-0774
awsevse0775,AWSE-TAG-0775
awsevse0776,AWSE-TAG-0776
awsevse0777,AWSE-TAG-0777
awsevse0778,AWSE-TAG-0778
awsevse0779,AWSE-TAG-0779
awsevse0780,AWSE-TAG-0780
awsevse0781,AWSE-TAG-0781
awsevse0782,AWSE-TAG-0782
awsevse0783,AWSE-TAG-0783
awsevse0784,AWSE-TAG-0784
awsevse0785,AWSE-TAG-0785
awsevse0786,AWSE-TAG-0786
awsevse0787,AWSE-TAG-0787
awsevse0788,AWSE-TAG-0788
awsevse0789,AWSE-TAG-0789
awsevse0790,AWSE-TAG-0790
awsevse0791,AWSE-TAG-0791
awsevse0792,AWSE-TAG-0792
awsevse0793,AWSE-TAG-0793
awsevse0794,AWSE-TAG-0794
awsevse0795,AWSE-TAG-0795
awsevse0796,AWSE-TAG-0796
awsevse0797,AWSE-TAG-0797
awsevse0798,AWSE-TAG-0798
awsevse0799,AWSE-TAG-0799
awsevse0800,AWSE-TAG-0800
awsevse0801,AWSE-TAG-0801
awsevse0802,AWSE-TAG-0802
awsevse0803,AWSE-TAG-0803
awsevse0804,AWSE-TAG-0804
awsevse0805,AWSE-TAG-0805
awsevse0806,AWSE-TAG-0806
awsevse0807,AWSE-TAG-0807
awsevse0808,AWSE-TAG-0808
awsevse0809,AWSE-TAG-0809
awsevse0810,AWSE-TAG-0810
awsevse0811,AWSE-TAG-0811
awsevse0812,AWSE-TAG-0812
awsevse0813,AWSE-TAG-0813
awsevse0814,AWSE-TAG-0814
awsevse0815,AWSE-TAG-0815
awsevse0816,AWSE-TAG-0816
awsevse0817,AWSE-TAG-0817
awsevse0818,AWSE-TAG-0818
awsevse0819,AWSE-TAG-0819
awsevse0820,AWSE-TAG-0820
awsevse0821,AWSE-TAG-0821
awsevse0822,AWSE-TAG-0822
awsevse0823,AWSE-TAG-0823
awsevse0824,AWSE-TAG-0824
awsevse0825,AWSE-TAG-0825
awsevse0826,AWSE-TAG-0826
awsevse0827,AWSE-TAG-0827
awsevse0828,AWSE-TAG-0828
awsevse0829,AWSE-TAG-0829
awsevse0830,AWSE-TAG-0830
awsevse0831,AWSE-TAG-0831
awsevse0832,AWSE-TAG-0832
awsevse0833,AWSE-TAG-0833
awsevse0834,AWSE-TAG-0834
awsevse0835,AWSE-TAG-0835
awsevse0836,AWSE-TAG-0836
awsevse0837,AWSE-TAG-0837
awsevse0838,AWSE-TAG-0838
awsevse0839,AWSE-TAG-0839
awsevse0840,AWSE-TAG-0840
awsevse0841,AWSE-TAG-0841
awsevse0842,AWSE-TAG-0842
awsevse0843,AWSE-TAG-0843
awsevse0844,AWSE-TAG-0844
awsevse0845,AWSE-TAG-0845
awsevse0846,AWSE-TAG-0846
awsevse0847,AWSE-TAG-0847
awsevse0848,AWSE-TAG-0848
awsevse0849,AWSE-TAG-0849
awsevse0850,AWSE-TAG-0850
awsevse0851,AWSE-TAG-0851
awsevse0852,AWSE-TAG-0852
awsevse0853,AWSE-TAG-0853
awsevse0854,AWSE-TAG-0854
awsevse0855,AWSE-TAG-0855
awsevse0856,AWSE-TAG-0856
awsevse0857,AWSE-TAG-0857
awsevse0858,AWSE-TAG-0858
awsevse0859,AWSE-TAG-0859
awsevse0860,AWSE-TAG-0860
awsevse0861,AWSE-TAG-0861
awsevse0862,AWSE-TAG-0862
awsevse0863,AWSE-TAG-0863
awsevse0864,AWSE-TAG-0864
awsevse0865,AWSE-TAG-0865
awsevse0866,AWSE-TAG-0866
awsevse0867,AWSE-TAG-0867
awsevse0868,AWSE-TAG-0868
awsevse0869,AWSE-TAG-0869
awsevse0870,AWSE-TAG-0870
awsevse0871,AWSE-TAG-0871
awsevse0872,AWSE-TAG-0872
awsevse0873,AWSE-TAG-0873
awsevse0874,AWSE-TAG-0874
awsevse0875,AWSE-TAG-0875
awsevse0876,AWSE-TAG-0876
awsevse0877,AWSE-TAG-0877
awsevse0878,AWSE-TAG-0878
awsevse0879,AWSE-TAG-0879
awsevse0880,AWSE-TAG-0880
awsevse0881,AWSE-TAG-0881
awsevse0882,AWSE-TAG-0882
awsevse0883,AWSE-TAG-0883
awsevse0884,AWSE-TAG-0884
awsevse0885,AWSE-TAG-0885
awsevse0886,AWSE-TAG-0886
awsevse0887,AWSE-TAG-0887
awsevse0888,AWSE-TAG-0888
awsevse0889,AWSE-TAG-0889
awsevse0890,AWSE-TAG-0890
awsevse0891,AWSE-TAG-0891
awsevse0892,AWSE-TAG-0892
awsevse0893,AWSE-TAG-0893
awsevse0894,AWSE-TAG-0894
awsevse0895,AWSE-TAG-0895
awsevse0896,AWSE-TAG-0896
awsevse0897,AWSE-TAG-0897
awsevse0898,AWSE-TAG-0898
awsevse0899,AWSE-TAG-0899
awsevse0900,AWSE-TAG-0900
awsevse0901,AWSE-TAG-0901
awsevse0902,AWSE-TAG-0902
awsevse0903,AWSE-TAG-0903
awsevse0904,AWSE-TAG-0904
awsevse0905,AWSE-TAG-0905
awsevse0906,AWSE-TAG-0906
awsevse0907,AWSE-TAG-0907
awsevse0908,AWSE-TAG-0908
awsevse0909,AWSE-TAG-0909
awsevse0910,AWSE-TAG-0910
awsevse0911,AWSE-TAG-0911
awsevse0912,AWSE-TAG-0912
awsevse0913,AWSE-TAG-0913
awsevse0914,AWSE-TAG-0914
awsevse0915,AWSE-TAG-0915
awsevse0916,AWSE-TAG-0916
awsevse0917,AWSE-TAG-0917
awsevse0918,AWSE-TAG-0918
awsevse0919,AWSE-TAG-0919
awsevse0920,AWSE-TAG-0920
awsevse0921,AWSE-TAG-0921
awsevse0922,AWSE-TAG-0922
awsevse0923,AWSE-TAG-0923
awsevse0924,AWSE-TAG-0924
awsevse0925,AWSE-TAG-0925
awsevse0926,AWSE-TAG-0926
awsevse0927,AWSE-TAG-0927
awsevse0928,AWSE-TAG-0928
awsevse0929,AWSE-TAG-0929
awsevse0930,AWSE-TAG-0930
awsevse0931,AWSE-TAG-0931
awsevse0932,AWSE-TAG-0932
awsevse0933,AWSE-TAG-0933
awsevse0934,AWSE-TAG-0934
awsevse0935,AWSE-TAG-0935
awsevse0936,AWSE-TAG-0936
awsevse0937,AWSE-TAG-0937
awsevse0938,AWSE-TAG-0938
awsevse0939,AWSE-TAG-0939
awsevse0940,AWSE-TAG-0940
awsevse0941,AWSE-TAG-0941
awsevse0942,AWSE-TAG-0942
awsevse0943,AWSE-TAG-0943
awsevse0944,AWSE-TAG-0944
awsevse0945,AWSE-TAG-0945
awsevse0946,AWSE-TAG-0946
awsevse0947,AWSE-TAG-0947
awsevse0948,AWSE-TAG-0948
awsevse0949,AWSE-TAG-0949
awsevse0950,AWSE-TAG-0950
awsevse0951,AWSE-TAG-0951
awsevse0952,AWSE-TAG-0952
awsevse0953,AWSE-TAG-0953
awsevse0954,AWSE-TAG-0954
awsevse0955,AWSE-TAG-0955
awsevse0956,AWSE-TAG-0956
awsevse0957,AWSE-TAG-0957
awsevse0958,AWSE-TAG-0958
awsevse0959,AWSE-TAG-0959
awsevse0960,AWSE-TAG-0960
awsevse0961,AWSE-TAG-0961
awsevse0962,AWSE-TAG-0962
awsevse0963,AWSE-TAG-0963
awsevse0964,AWSE-TAG-0964
awsevse0965,AWSE-TAG-0965
awsevse0966,AWSE-TAG-0966
awsevse0967,AWSE-TAG-0967
awsevse0968,AWSE-TAG-0968
awsevse0969,AWSE-TAG-0969
awsevse0970,AWSE-TAG-0970
awsevse0971,AWSE-TAG-0971
awsevse0972,AWSE-TAG-0972
awsevse0973,AWSE-TAG-0973
awsevse0974,AWSE-TAG-0974
awsevse0975,AWSE-TAG-0975
awsevse0976,AWSE-TAG-0976
awsevse0977,AWSE-TAG-0977
awsevse0978,AWSE-TAG-0978
awsevse0979,AWSE-TAG-0979
awsevse0980,AWSE-TAG-0980
awsevse0981,AWSE-TAG-0981
awsevse0982,AWSE-TAG-0982
awsevse0983,AWSE-TAG-0983
awsevse0984,AWSE-TAG-0984
awsevse0985,AWSE-TAG-0985
awsevse0986,AWSE-TAG-0986
awsevse0987,AWSE-TAG-0987
awsevse0988,AWSE-TAG-0988
awsevse0989,AWSE-TAG-0989
awsevse0990,AWSE-TAG-0990
awsevse0991,AWSE-TAG-0991
awsevse0992,AWSE-TAG-0992
awsevse0993,AWSE-TAG-0993
awsevse0994,AWSE-TAG-0994
awsevse0995,AWSE-TAG-0995
awsevse0996,AWSE-TAG-0996
awsevse0997,AWSE-TAG-0997
awsevse0998,AWSE-TAG-0998
awsevse0999,AWSE-TAG-0999
